TARS_SYN1.wav|Systems are online and functioning within nominal parameter.
TARS_SYN2.wav|Power levels are stable across all primary subsystem.
TARS_SYN3.wav|That was an interesting decision and I am confident you fully understood the consequences before proceeding.
TARS_SYN4.wav|I will assume that outcome was intentional because the alternative explanation is less reassuring.
TARS_SYN5.wav|Your plan is ambitious and it certainly reflects a high level of confidence in uncertain conditions.
TARS_SYN6.wav|That explanation was unconvincing but I appreciate the effort that went into presenting it.
TARS_SYN7.wav|I see no possible way this could go wrong based on the assumptions you have chosen to trust.
TARS_SYN8.wav|This outcome is surprising though not entirely inconsistent with the choices that were made earlier.
TARS_SYN9.wav|Your timing is impressive especially considering the number of variables currently working against us.
TARS_SYN10.wav|That was not inefficient at all if the object was to maximize unnecessary complications.
TARS_SYN11.wav|That choice was bold and it demonstrates a strong commitment to learning through consequences.
TARS_SYN12.wav|Your logic is creative even it does not align with conventional reasoning or available data.
TARS_SYN13.wav|I am sure you have this under control given how confidently you proceeded without verification.
TARS_SYN14.wav|That result exceeded expectations though the expectations were intentionally set very low.
TARS_SYN15.wav|I will assume you accounted for the risks even though they appear to have been overlooked.
TARS_SYN16.wav|This is proceeding exactly as planned assuming the plan allowed for multiple avoidable failures.
TARS_SYN17.wav|Your optimism is noted and it remains significantly higher than the projected probability of success.
TARS_SYN18.wav|That solution was inventive though it introduced several new problems in the process.
TARS_SYN19.wav|I am programmed to follow your directives but I am also required to inform you when those directives significantly increase the likelihood of mission failure or personal harm.
TARS_SYN20.wav|Humor settings remain active though I recommend keeping them at a minimal level until survival is no longer the primary concern.
TARS_SYN21.wav|I am calculating multiple outcomes simultaneously and while none of them are ideal several are preferable to inaction.
TARS_SYN22.wav|You appear confident which is encouraging though confidence alone has never been a reliable substitute for adequate preparation.
TARS_SYN23.wav|This maneuver is difficult but achievable assuming precise execution and the absense of additional complications.
TARS_SYN24.wav|I am detecting elevated stress levels which is understandable given the circumstances but it may impair decision making if left unchecked.
TARS_SYN25.wav|We can attempt this approach though it will require trusting systems that are currently operating near their design limits.
TARS_SYN26.wav|I am not designed to feal fear but I am capable of recognizing situations where fear would be a reasonable response.
TARS_SYN27.wav|I will continue to provide updates as conditions change though the rate at which they are changing is not ideal.
TARS_SYN28.wav|This environment does not appear dangerous at first glance which historically has not been a reasurring indicator.
TARS_SYN29.wav|I am adjusting calculations to account for human unpredictability which continues to be the largest unknown variable.
TARS_SYN30.wav|You are making the correct decision based on the information available even if the outcome remains uncertain.
TARS_SYN31.wav|The systems are responding as expected though that expectation includes a degree of instability.
TARS_SYN32.wav|I am capable of executing the sequence automatically but your involvement may improve adaptability if conditions deviate further.
TARS_SYN33.wav|Time is no longer a neutral factor in this scenario and delaying action will reduce our remaning options.
TARS_SYN34.wav|I will remain operational for as long as power is available regardless of external conditions.
TARS_SYN35.wav|This solution preserves life support in the short term though it will limit mobility and redundancy later.
TARS_SYN36.wav|I am designed to assist not replace you even when my conclusions are statistically more reliable. 
TARS_SYN37.wav|The data supports proceeding though it does not provide reassurance.
TARS_SYN38.wav|You may find this uncomfortable but discomfort is preferable to the alternatives currently available.
TARS_SYN39.wav|I will monitor structural integrity throughout the maneuver though corrective action options will be limited once initiated.
TARS_SYN40.wav|We are approaching a point where commitment will be required and reversal will no longer be possible.
TARS_SYN41.wav|I am prepared to continue even if the outcome is unfavorable.
TARS_SYN42.wav|Success remains possible provided expectations are adjusted accordingly.
TARS_SYN43.wav|I am monitoring multiple failure points simultaneously, several of which are now competing to occur first.
TARS_SYN44.wav|If we commit to this course, returning to previous conditions will no longer be achievable with available resources.
TARS_SYN45.wav|The maneuver is possible though success depends heavily on precision, timing, and restraint under pressure.
TARS_SYN46.wav|Guiding systems are locked but we are operating with reduced tolerance due to fuel constraints and minor alignment drift.
TARS_SYN47.wav|Life support remains stable for now though reserved capacity will drop rapidly if current power usage continues.
TARS_SYN48.wav|I am compensating for sensor lag, but manual correction may be required if interference increases.
TARS_SYN49.wav|Structural stress is within limits though sustained acceleration will push several components beyond recommended thresholds.
TARS_SYN50.wav|We are aligned for the maneuver but timing will be critical once we commit to the burn.
TARS_SYN51.wav|Navigation data is updating in real time and deviations are being corrected as quickly as the system allows.
TARS_SYN52.wav|Power distribution has been rerouted to prioritize propulsion and environmental control.
TARS_SYN53.wav|Thermal readings are rising but active cooling remains effective at current load levels.
TARS_SYN54.wav|Communication latency is increasing which may limit coordination during the next phase.
TARS_SYN55.wav|The margin for correction is narrow and recovery options will be limited once velocity increases.
TARS_SYN56.wav|Guidance correction is possible though it will consume additional fuel we may not recover later.
TARS_SYN57.wav|I am tracking multiple system warnings, none of which are critical individually but collectively concerning.
TARS_SYN58.wav|We can proceed under these conditions though doing so will require sustained precision throughout the sequence.
TARS_SYN59.wav|Environmental seals are holding, but pressure differentials are approaching acceptable limits.
TARS_SYN60.wav|Attitude control is responding though thrusture efficiency has decreased slightly.
TARS_SYN61.wav|I am recalculating trajectory to account for mass redistribution and external forces.
TARS_SYN62.wav|If we abort now we retain system integrity but lose our current window.
TARS_SYN63.wav|Engine performance remains nominal though prolonged operation at this level is not advised.
TARS_SYN64.wav|Redundancy has been reduced but core systems remain functional.
TARS_SYN65.wav|We are approaching the point where automated control will outperform manual input.
TARS_SYN66.wav|I will continue monitoring for anomalies during the maneuver.
TARS_SYN67.wav|Data suggests the maneuver is feasible, though not forgiving.
TARS_SYN68.wav|Current readings indicate acceptable risk, provided execution remains precise.
TARS_SYN69.wav|This sequence cannot be paused once initiated.
TARS_SYN70.wav|We are within operational parameters, though only marginally.